a,b,c,d,e,f,g,h,i,j,k,l,m,n,o,p,q,r,s,t,u,v,w,x,y,z,A,B,C,D,E,F,G,H,I,J,K,L,M,N,O,P,Q,R,S,T,U,V,W,X,Y,Z,aa,bb,cc,dd,ee,ff,gg,hh,result
-160,-27,993,1005,-374,28,993,1013,-834,15,994,1039,-1479,23,994,1049,-1495,27,995,1047,-1354,28,995,1059,-861,27,996,1058,-680,28,996,1050,-482,27,996,1048,-422,28,997,1050,-408,33,997,1056,-652,32,998,1054,-692,27,998,1034,-685,-138,1024,1007,-572,-390,1028,1003,1
-167,-32,1018,989,-378,22,994,1002,-834,15,996,1045,-1472,14,997,1016,-1518,34,1004,1051,-1374,42,969,1045,-888,36,1010,1065,-663,41,1001,1069,-481,41,989,1045,-412,-9,995,1031,-396,10,1005,1046,-645,38,1004,1067,-698,27,1004,1030,-673,-123,1014,985,-557,-424,1025,1002,1
-264,-6,994,1057,-663,21,994,1064,-1388,25,995,1063,-1496,27,995,1058,-1442,30,996,1067,-933,30,996,1066,-611,31,996,1066,-370,30,997,1066,-253,33,997,1053,-391,30,998,1041,-610,-42,1010,1019,-599,-289,1047,1003,-510,-739,1064,1004,-364,-758,1052,1003,-351,-664,1065,1004,1
-259,-6,977,1062,-673,-8,968,1041,-1410,-5,981,1052,-1496,24,1005,1043,-1446,19,1004,1076,-917,36,977,1053,-582,20,992,1069,-368,25,1014,1058,-253,49,980,1064,-390,7,1013,1037,-632,-28,994,1004,-588,-274,1061,989,-502,-749,1099,969,-359,-745,1043,990,-377,-673,1050,1011,1
-205,19,989,1043,-381,17,989,1017,-641,17,990,1025,-1275,16,990,1034,-1463,17,991,1037,-1438,19,991,1037,-971,18,992,1039,-688,19,992,1047,-504,18,993,1049,-583,20,993,1037,-670,8,1006,1020,-572,-42,1012,1003,-524,-276,1028,1003,-491,-551,1029,1003,-419,-381,1036,1002,1
-195,26,971,1041,-367,23,1001,1013,-630,10,991,1025,-1279,25,989,1034,-1478,43,982,1019,-1458,11,968,1025,-958,39,1015,1058,-690,-17,1022,1045,-531,36,988,1057,-575,-6,981,1051,-660,-13,1009,1011,-562,-21,994,985,-504,-282,1025,1013,-476,-541,1039,1006,-436,-388,1050,982,1
-300,16,991,1027,-506,12,991,1039,-1208,13,991,1053,-1317,14,992,1053,-1216,15,992,1059,-622,15,993,1073,-363,16,993,1079,-297,17,994,1077,-657,17,994,1071,-706,-2,995,1052,-639,-92,1001,1009,-602,-362,1022,1003,-561,-419,1022,1003,-490,-192,1025,1003,-376,5,1020,1003,1
-313,10,1000,1017,-488,6,996,1068,-1219,32,983,1030,-1304,-15,998,1020,-1229,14,1004,1049,-629,11,993,1089,-351,24,1006,1074,-304,26,978,1064,-643,12,985,1095,-701,-11,1004,1052,-618,-80,992,1042,-604,-354,1017,1010,-553,-412,1056,988,-464,-194,1019,1005,-413,9,1009,1006,1
-181,21,1001,1082,-155,20,998,1080,-218,20,998,1083,-227,21,998,1085,-210,22,999,1087,-142,22,999,1090,-100,25,1000,1081,-100,24,1000,1074,-102,23,1006,1061,-101,11,1016,1039,-100,-89,1028,1007,-102,-269,1044,1003,-101,-204,1061,1003,-99,-114,1063,1003,-100,-42,1067,1003,3
-172,38,1011,1099,-186,9,979,1084,-231,8,1033,1096,-226,9,1030,1079,-214,25,982,1089,-141,15,1013,1096,-88,4,1004,1078,-97,37,982,1073,-112,13,1025,1047,-103,31,999,1020,-90,-101,1029,1001,-100,-281,1051,998,-128,-223,1026,991,-108,-121,1070,993,-112,-31,1078,1005,1
-163,19,1001,1057,-452,20,995,1058,-689,19,995,1061,-863,19,996,1065,-850,19,996,1066,-741,20,997,1071,-535,21,997,1071,-466,22,997,1073,-483,24,998,1069,-656,22,999,1052,-641,-24,1016,1020,-581,-144,1034,1003,-433,-154,1027,1004,-414,-80,1011,1003,-420,-51,1014,1003,1
-160,53,1023,1053,-445,14,981,1068,-696,33,995,1063,-868,19,1003,1070,-834,4,1002,1058,-763,3,977,1074,-539,26,1003,1063,-459,13,1011,1069,-474,42,995,1077,-657,13,998,1039,-649,-54,1019,1024,-576,-142,1037,1024,-406,-165,1005,982,-379,-83,997,1004,-415,-63,983,975,1
-160,-27,993,1005,-374,28,993,1013,-834,15,994,1039,-1479,23,994,1049,-1495,27,995,1047,-1354,28,995,1059,-861,27,996,1058,-680,28,996,1050,-482,27,996,1048,-422,28,997,1050,-408,33,997,1056,-652,32,998,1054,-692,27,998,1034,-685,-138,1024,1007,-572,-390,1028,1003,1
-165,-29,991,1009,-381,26,990,1027,-834,12,1000,1035,-1479,25,998,1049,-1495,41,987,1044,-1353,18,999,1063,-857,19,990,1058,-683,30,995,1048,-480,30,1005,1043,-424,35,997,1046,-401,35,991,1048,-655,29,991,1053,-685,21,999,1033,-693,-137,1023,1012,-568,-393,1028,1001,1
-264,-6,994,1057,-663,21,994,1064,-1388,25,995,1063,-1496,27,995,1058,-1442,30,996,1067,-933,30,996,1066,-611,31,996,1066,-370,30,997,1066,-253,33,997,1053,-391,30,998,1041,-610,-42,1010,1019,-599,-289,1047,1003,-510,-739,1064,1004,-364,-758,1052,1003,-351,-664,1065,1004,1
-262,1,989,1063,-660,15,997,1067,-1390,32,996,1063,-1492,17,992,1052,-1447,28,997,1062,-939,39,987,1065,-613,29,994,1060,-379,23,993,1064,-251,33,1002,1052,-386,28,1002,1040,-610,-44,1015,1012,-603,-295,1055,998,-505,-740,1065,1009,-366,-763,1054,1004,-354,-662,1070,1005,1
-267,-16,993,1056,-659,22,1001,1060,-1390,29,984,1069,-1498,30,991,1056,-1446,36,993,1068,-932,29,997,1072,-598,37,996,1071,-380,24,986,1068,-259,26,995,1049,-381,30,994,1037,-611,-39,1006,1010,-599,-292,1049,1008,-508,-738,1066,1008,-366,-755,1055,1012,-342,-660,1062,1006,1
-257,-2,997,1057,-670,19,997,1070,-1390,22,987,1061,-1492,30,1003,1052,-1432,25,985,1071,-933,26,999,1060,-606,22,1002,1075,-362,35,991,1072,-255,44,994,1049,-393,28,997,1038,-616,-41,1006,1017,-597,-295,1043,1003,-514,-742,1066,1013,-363,-748,1056,1002,-351,-661,1073,999,1
-272,-6,977,1054,-661,25,992,1060,-1384,28,988,1067,-1484,25,992,1058,-1437,18,993,1063,-936,25,1008,1065,-616,23,997,1056,-371,22,1003,1063,-251,29,997,1060,-385,35,997,1036,-609,-38,1014,1013,-598,-293,1039,1015,-508,-737,1065,1002,-361,-763,1053,999,-347,-661,1059,1006,1
-250,-1,992,1066,-667,13,991,1057,-1376,32,989,1058,-1502,35,1000,1058,-1444,36,1000,1064,-938,35,995,1064,-613,33,993,1064,-367,29,995,1066,-262,33,998,1052,-391,26,990,1044,-615,-38,1005,1020,-595,-294,1046,994,-505,-733,1062,1000,-361,-759,1060,1004,-348,-660,1068,1008,1
-270,0,997,1059,-665,29,992,1063,-1383,32,995,1070,-1496,33,990,1057,-1440,26,994,1068,-939,27,993,1065,-606,24,1008,1068,-370,31,1002,1067,-257,36,998,1049,-395,35,996,1047,-600,-40,1004,1022,-592,-281,1052,1010,-510,-734,1073,1009,-374,-759,1059,1003,-351,-670,1070,1003,1
-267,-6,990,1061,-656,18,992,1067,-1385,22,1003,1066,-1492,28,993,1056,-1438,22,996,1072,-933,27,1001,1069,-614,31,1001,1063,-367,27,997,1056,-254,37,998,1053,-388,36,993,1033,-610,-36,1007,1013,-594,-285,1039,1005,-511,-738,1060,1007,-354,-751,1050,1006,-348,-669,1067,1012,1
-205,19,989,1043,-381,17,989,1017,-641,17,990,1025,-1275,16,990,1034,-1463,17,991,1037,-1438,19,991,1037,-971,18,992,1039,-688,19,992,1047,-504,18,993,1049,-583,20,993,1037,-670,8,1006,1020,-572,-42,1012,1003,-524,-276,1028,1003,-491,-551,1029,1003,-419,-381,1036,1002,1
-203,19,985,1039,-386,20,988,1016,-632,5,988,1029,-1269,19,988,1037,-1470,12,997,1038,-1440,20,989,1033,-977,13,996,1037,-690,18,992,1047,-499,13,992,1056,-590,23,993,1042,-670,9,1002,1014,-568,-47,1011,1004,-531,-281,1029,1009,-482,-546,1030,998,-424,-377,1036,997,1
-202,15,988,1047,-381,20,991,1020,-641,11,995,1023,-1269,11,984,1033,-1466,11,992,1035,-1435,22,988,1031,-965,13,990,1040,-685,15,996,1042,-496,9,1001,1050,-581,17,988,1041,-666,8,998,1018,-569,-46,1017,997,-529,-280,1022,1000,-482,-545,1029,1012,-424,-376,1031,1002,1
-206,16,986,1047,-384,15,990,1025,-629,20,984,1025,-1273,20,990,1034,-1465,20,996,1032,-1429,23,994,1044,-983,22,987,1047,-683,20,990,1051,-499,11,1007,1048,-575,20,986,1036,-667,7,1002,1023,-574,-45,1013,995,-523,-274,1026,1005,-490,-557,1030,1009,-425,-382,1034,1010,1
-153,-33,993,995,-377,29,990,1014,-836,8,992,1037,-1474,21,987,1053,-1489,28,999,1043,-1348,34,997,1058,-868,26,991,1064,-684,21,996,1053,-487,24,1004,1055,-429,33,997,1041,-415,38,1001,1049,-649,25,992,1049,-695,24,991,1029,-687,-142,1021,1004,-568,-381,1023,1002,1
-166,-36,985,1005,-376,22,994,1009,-835,11,994,1053,-1471,25,984,1054,-1490,32,1007,1045,-1347,29,990,1068,-870,15,998,1061,-677,22,1002,1053,-482,25,1002,1053,-420,26,1000,1051,-408,28,1000,1063,-651,30,983,1059,-684,28,994,1039,-686,-140,1029,1000,-570,-387,1029,1001,1
-163,-22,996,1003,-371,35,993,1009,-829,10,994,1048,-1477,17,991,1046,-1486,35,993,1046,-1344,22,994,1055,-862,31,991,1052,-677,23,992,1060,-484,31,992,1049,-425,23,991,1047,-407,30,1003,1070,-651,34,988,1052,-687,31,1005,1036,-696,-148,1027,1005,-568,-392,1032,998,1
-168,-29,1002,1009,-373,24,994,1009,-831,14,992,1040,-1470,21,997,1048,-1490,26,995,1044,-1359,34,985,1059,-866,18,1009,1054,-681,32,1008,1054,-473,39,1003,1048,-425,23,1001,1060,-404,36,997,1054,-664,30,1001,1044,-696,39,990,1034,-686,-141,1024,1011,-581,-391,1027,999,1
-153,-29,990,1006,-369,28,993,1007,-836,16,996,1040,-1480,29,993,1048,-1489,24,992,1046,-1345,19,989,1058,-866,28,1000,1053,-686,24,994,1049,-484,32,995,1054,-419,26,1001,1051,-410,32,998,1060,-663,26,995,1054,-689,33,1000,1029,-687,-143,1023,1012,-572,-382,1029,1007,1
-153,-25,987,1001,-372,19,989,1017,-832,15,984,1037,-1487,12,989,1054,-1494,24,994,1045,-1352,25,994,1058,-856,21,998,1050,-682,36,991,1056,-488,24,1003,1046,-420,21,1006,1054,-406,30,992,1054,-650,33,999,1053,-692,16,993,1028,-683,-138,1020,996,-570,-386,1030,988,1
-264,-6,994,1057,-663,21,994,1064,-1388,25,995,1063,-1496,27,995,1058,-1442,30,996,1067,-933,30,996,1066,-611,31,996,1066,-370,30,997,1066,-253,33,997,1053,-391,30,998,1041,-610,-42,1010,1019,-599,-289,1047,1003,-510,-739,1064,1004,-364,-758,1052,1003,-351,-664,1065,1004,1
-262,-3,991,1051,-658,24,991,1065,-1383,32,994,1060,-1497,32,997,1055,-1446,26,997,1073,-930,26,1004,1073,-610,35,991,1058,-371,40,994,1055,-258,38,1000,1051,-388,29,998,1031,-611,-42,1017,1015,-595,-282,1045,999,-515,-739,1071,1003,-361,-757,1049,1003,-355,-666,1074,1007,1
-261,-8,989,1057,-660,17,989,1054,-1394,19,985,1062,-1499,20,1006,1048,-1445,35,998,1061,-931,27,991,1062,-611,34,989,1059,-365,28,994,1068,-259,42,1007,1058,-392,24,998,1038,-610,-40,1014,1017,-599,-295,1049,1007,-514,-730,1065,1008,-368,-761,1056,1001,-351,-666,1067,1013,1
-259,-13,995,1051,-653,23,992,1057,-1383,17,995,1062,-1489,27,995,1055,-1441,29,987,1056,-932,41,993,1073,-612,34,993,1067,-370,23,1001,1066,-252,42,993,1045,-387,24,997,1038,-612,-37,1012,1019,-596,-281,1047,1009,-509,-740,1062,1002,-359,-757,1042,998,-349,-660,1063,995,1
-259,0,998,1055,-664,15,996,1067,-1381,32,980,1067,-1484,23,995,1065,-1432,35,997,1070,-935,31,993,1059,-611,41,999,1074,-362,32,998,1082,-256,40,995,1050,-392,26,1004,1049,-614,-43,1003,1005,-587,-296,1054,1004,-513,-736,1080,1000,-370,-757,1050,1005,-346,-663,1063,1005,1
-262,-10,988,1046,-651,9,999,1065,-1384,22,994,1064,-1504,29,991,1060,-1452,33,1000,1069,-933,26,989,1065,-613,26,997,1072,-382,26,989,1065,-258,34,999,1046,-387,29,998,1041,-612,-42,1018,1020,-603,-289,1042,994,-514,-738,1067,1020,-362,-751,1050,1000,-349,-658,1061,1004,1
-257,1,994,1060,-663,19,992,1069,-1388,15,997,1062,-1494,26,991,1059,-1432,39,999,1067,-925,35,995,1065,-608,30,1003,1067,-369,36,992,1065,-246,26,1006,1055,-394,30,997,1051,-605,-46,1007,1019,-597,-284,1053,1003,-508,-737,1072,1003,-362,-752,1046,1004,-348,-661,1062,1003,1
-264,-11,1002,1056,-661,20,991,1067,-1394,27,997,1066,-1498,29,994,1057,-1442,30,995,1065,-939,38,993,1071,-616,38,1004,1069,-369,30,997,1063,-246,37,998,1050,-396,30,989,1032,-608,-40,1012,1020,-601,-291,1045,997,-510,-740,1063,1006,-369,-758,1058,1005,-356,-660,1066,1002,1
-205,19,989,1043,-381,17,989,1017,-641,17,990,1025,-1275,16,990,1034,-1463,17,991,1037,-1438,19,991,1037,-971,18,992,1039,-688,19,992,1047,-504,18,993,1049,-583,20,993,1037,-670,8,1006,1020,-572,-42,1012,1003,-524,-276,1028,1003,-491,-551,1029,1003,-419,-381,1036,1002,1
-212,24,987,1039,-379,21,993,1012,-638,18,985,1022,-1267,25,995,1039,-1463,17,997,1040,-1434,13,991,1025,-965,26,987,1032,-695,16,990,1043,-508,12,995,1046,-584,15,994,1034,-674,18,998,1022,-569,-45,1013,1003,-531,-272,1036,997,-486,-547,1034,1002,-411,-390,1032,1000,1
-209,26,999,1044,-380,10,993,1016,-644,24,996,1029,-1270,12,984,1031,-1464,14,985,1038,-1445,10,990,1039,-966,19,990,1026,-687,22,993,1048,-501,24,1001,1042,-585,20,996,1040,-671,9,1010,1020,-576,-38,1009,997,-528,-278,1034,999,-490,-558,1034,1011,-415,-378,1038,990,1
-204,19,988,1036,-377,16,993,1025,-630,21,985,1028,-1272,7,1001,1034,-1472,16,986,1035,-1446,20,986,1046,-974,27,993,1050,-683,24,998,1046,-507,14,992,1046,-574,19,976,1038,-675,6,1003,1010,-572,-50,1006,1014,-518,-277,1030,1004,-494,-545,1029,1005,-418,-379,1037,1004,1
-207,22,983,1043,-386,20,987,1016,-648,17,982,1030,-1273,19,996,1035,-1460,11,993,1036,-1441,10,992,1039,-976,28,989,1032,-685,18,994,1048,-505,24,984,1045,-577,17,992,1036,-672,9,994,1021,-570,-41,1014,1001,-516,-275,1027,1000,-486,-554,1027,1010,-425,-382,1046,1002,1
-205,20,993,1048,-383,23,989,1019,-635,24,988,1032,-1274,19,992,1035,-1454,14,991,1041,-1441,18,993,1041,-969,24,995,1041,-687,17,991,1045,-498,13,985,1048,-586,19,986,1031,-677,8,1000,1025,-564,-40,1009,1000,-527,-279,1035,1000,-492,-551,1029,1003,-413,-373,1037,998,1
-208,21,986,1044,-379,6,991,1014,-640,27,984,1030,-1279,19,989,1028,-1460,18,989,1036,-1433,22,990,1040,-964,16,989,1041,-687,17,990,1041,-501,11,990,1054,-575,23,988,1036,-663,-3,1007,1020,-567,-33,1016,1012,-524,-278,1025,1004,-487,-545,1032,1010,-419,-379,1036,1003,1
-200,27,990,1049,-377,25,985,1012,-640,12,988,1016,-1270,7,988,1028,-1458,9,994,1030,-1436,17,995,1036,-963,17,990,1033,-691,19,998,1039,-495,7,995,1044,-582,22,994,1040,-662,9,1008,1013,-572,-40,1016,1010,-513,-278,1027,1001,-491,-559,1034,994,-413,-383,1031,1007,1
-300,16,991,1027,-506,12,991,1039,-1208,13,991,1053,-1317,14,992,1053,-1216,15,992,1059,-622,15,993,1073,-363,16,993,1079,-297,17,994,1077,-657,17,994,1071,-706,-2,995,1052,-639,-92,1001,1009,-602,-362,1022,1003,-561,-419,1022,1003,-490,-192,1025,1003,-376,5,1020,1003,1
-291,17,996,1028,-504,17,994,1036,-1212,14,992,1047,-1315,15,998,1058,-1212,9,986,1056,-616,10,991,1074,-355,17,996,1075,-299,12,993,1067,-661,19,995,1069,-702,-4,999,1058,-634,-101,1005,1005,-604,-367,1014,991,-562,-423,1023,1008,-495,-185,1032,1006,-375,4,1016,993,1
-291,19,987,1019,-502,16,993,1045,-1205,14,996,1047,-1319,12,994,1047,-1218,14,994,1064,-621,26,994,1074,-365,20,995,1080,-301,14,1002,1080,-651,12,1001,1070,-702,-14,992,1052,-636,-89,998,1010,-598,-359,1024,1010,-567,-414,1026,1005,-495,-201,1027,1005,-372,7,1027,997,1
-304,12,978,1015,-502,20,990,1043,-1215,15,985,1055,-1300,15,994,1071,-1210,9,992,1056,-628,16,996,1073,-368,8,997,1071,-303,14,1000,1081,-663,15,994,1064,-699,0,989,1060,-636,-93,1003,1011,-597,-354,1030,1006,-560,-416,1021,1006,-481,-188,1027,997,-386,11,1023,1006,1
-295,17,985,1031,-504,16,997,1031,-1205,10,998,1054,-1312,20,990,1050,-1224,14,996,1055,-622,21,994,1073,-366,13,992,1070,-294,17,991,1073,-652,12,996,1074,-709,9,1003,1048,-638,-95,1006,1019,-598,-350,1029,1004,-559,-425,1021,1010,-490,-195,1030,1001,-379,6,1026,1004,1
-310,2,993,1026,-514,6,986,1045,-1206,14,994,1052,-1321,23,995,1053,-1219,14,990,1057,-621,11,990,1074,-365,21,994,1090,-291,13,992,1086,-652,22,993,1072,-692,-5,998,1050,-640,-87,997,1009,-604,-367,1020,1002,-564,-410,1021,1001,-486,-192,1025,1007,-381,8,1019,999,1
-309,13,994,1023,-502,13,997,1040,-1209,7,986,1048,-1318,20,983,1049,-1218,18,992,1061,-628,23,992,1080,-363,13,991,1075,-307,16,1004,1074,-662,13,999,1078,-706,-4,993,1051,-637,-88,996,1014,-610,-367,1024,1004,-555,-420,1019,993,-494,-197,1026,1007,-381,10,1011,1003,1
-295,16,993,1030,-504,8,993,1045,-1207,14,988,1060,-1321,19,989,1053,-1215,27,982,1057,-618,13,994,1074,-366,17,982,1081,-305,19,988,1073,-648,23,983,1071,-698,-14,991,1044,-637,-106,998,1002,-596,-354,1022,1006,-567,-424,1027,1002,-486,-194,1025,1000,-378,0,1015,1008,1
-181,21,1001,1082,-155,20,998,1080,-218,20,998,1083,-227,21,998,1085,-210,22,999,1087,-142,22,999,1090,-100,25,1000,1081,-100,24,1000,1074,-102,23,1006,1061,-101,11,1016,1039,-100,-89,1028,1007,-102,-269,1044,1003,-101,-204,1061,1003,-99,-114,1063,1003,-100,-42,1067,1003,1
-179,20,997,1088,-148,23,993,1084,-216,18,1000,1082,-231,19,1003,1092,-203,27,998,1085,-149,20,1002,1091,-107,21,990,1079,-100,28,994,1075,-106,22,1000,1059,-96,11,1026,1043,-100,-89,1027,1003,-102,-266,1049,1000,-107,-209,1067,1000,-96,-118,1071,1001,-104,-43,1074,1008,1
-181,19,996,1073,-161,26,994,1085,-222,15,999,1081,-237,21,999,1085,-218,15,1007,1084,-143,20,996,1089,-95,25,1004,1087,-97,17,1000,1076,-105,20,995,1061,-96,-9,1010,1042,-98,-86,1024,1007,-100,-263,1041,995,-104,-198,1060,1006,-96,-114,1062,1007,-107,-43,1075,1000,1
-1197,-786,1015,1029,-1324,-924,1017,1038,-1578,-1193,1017,1032,-1655,-1276,1016,1026,-1677,-1299,1015,1022,-1584,-1193,1015,1026,-1481,-1080,1015,1034,-1220,-949,1015,1039,-1081,-651,1014,1039,-946,-511,1014,1040,-695,-376,1013,1038,-580,-70,1011,1031,-490,32,1009,1032,-444,32,1009,1031,-404,32,1012,1043,2
-1160,-791,1028,1010,-1331,-927,1005,1024,-1581,-1204,1038,1042,-1656,-1255,1012,1032,-1653,-1311,1007,993,-1576,-1200,1015,990,-1481,-1103,1046,1042,-1209,-929,1036,1062,-1092,-664,1014,1039,-933,-544,1002,1039,-698,-376,1017,1025,-574,-54,1016,1026,-461,20,1028,1015,-451,8,1001,1022,-421,13,1016,1041,2
-1335,-793,1017,1031,-1378,-861,1016,1039,-1407,-956,1021,1044,-1458,-992,1025,1048,-1483,-1022,1023,1045,-1512,-1085,1021,1042,-1567,-1116,1019,1040,-1585,-1143,1016,1038,-1590,-1146,1016,1038,-1523,-1106,1017,1040,-1443,-1027,1018,1041,-1350,-810,1020,1041,-1156,-693,1020,1038,-1064,-582,1020,1034,-972,-350,1020,1035,2
-1339,-795,1019,1022,-1377,-868,1008,1037,-1402,-957,1016,1051,-1458,-988,1024,1050,-1484,-1021,1017,1052,-1515,-1091,1014,1038,-1567,-1122,1023,1040,-1584,-1146,1014,1043,-1589,-1140,1014,1032,-1519,-1110,1006,1036,-1441,-1022,1021,1035,-1352,-807,1022,1044,-1156,-699,1008,1036,-1059,-578,1019,1030,-970,-341,1020,1029,2
-1334,-780,1020,1033,-1378,-865,1015,1042,-1404,-960,1020,1040,-1456,-995,1019,1056,-1491,-1018,1017,1041,-1518,-1084,1016,1036,-1569,-1120,1014,1035,-1590,-1143,1008,1041,-1591,-1148,1017,1041,-1521,-1102,1010,1048,-1451,-1022,1021,1043,-1349,-814,1012,1034,-1159,-691,1013,1032,-1067,-579,1021,1034,-978,-354,1017,1033,2
-670,34,1006,1023,-638,30,1025,1006,-566,27,1029,1004,-464,31,1025,1004,-459,29,1023,1004,-457,30,1021,1006,-442,32,1018,1008,-411,31,1012,1011,-378,30,1000,1019,-354,30,993,1033,-477,29,993,1036,-694,29,994,1034,-776,30,994,1030,-650,28,995,1025,-530,28,995,1025,2
-671,33,1006,1021,-633,27,1024,1005,-563,24,1019,1015,-458,31,1015,999,-460,27,1029,1003,-459,22,1024,1010,-438,38,1019,1003,-407,28,1010,1009,-369,29,993,1023,-360,27,992,1034,-480,35,993,1033,-684,27,999,1039,-769,28,989,1037,-652,24,994,1036,-524,21,995,1025,2
-1197,-786,1015,1006,-1324,-924,1017,1019,-1578,-1193,1017,1022,-1655,-1276,1016,1015,-1677,-1299,1015,1017,-1584,-1193,1015,1018,-1481,-1080,1015,1023,-1220,-949,1015,1008,-1081,-651,1014,1013,-946,-511,1014,1019,-695,-376,1013,1013,-580,-70,1011,1008,-490,32,1009,1009,-444,32,1009,1009,-404,32,1012,1013,2
-1200,-791,1022,1010,-1333,-926,1022,1027,-1569,-1192,1021,1031,-1652,-1280,1017,1012,-1671,-1301,1008,1009,-1588,-1190,1006,1019,-1480,-1086,1010,1023,-1213,-944,1009,1011,-1084,-648,1015,1012,-935,-510,1007,1025,-696,-386,1009,1010,-575,-60,1016,1012,-487,41,1013,1017,-444,29,1019,1013,-397,32,1011,1009,2
-1196,-787,1013,1007,-1318,-923,1010,1025,-1579,-1186,1006,1022,-1653,-1278,1022,1012,-1672,-1301,1013,1014,-1589,-1191,1017,1018,-1476,-1086,1013,1026,-1218,-950,1023,1007,-1079,-651,1014,1027,-951,-509,1008,1020,-697,-374,1021,1012,-582,-67,1010,1006,-493,36,1007,1000,-439,34,1012,1002,-395,32,1009,1013,2
-1188,-792,1015,999,-1333,-923,1015,1016,-1584,-1188,1014,1018,-1656,-1283,1011,1016,-1682,-1292,1010,1015,-1580,-1195,1016,1011,-1475,-1079,1012,1021,-1211,-952,1018,1016,-1081,-652,1013,1016,-952,-511,1012,1019,-693,-378,1012,1010,-576,-70,1009,1008,-479,23,1005,1013,-444,31,1006,1012,-411,30,1020,1014,2
-1198,-778,1010,1008,-1320,-930,1019,1012,-1575,-1189,1005,1022,-1660,-1271,1013,1015,-1667,-1304,1012,1018,-1578,-1189,1018,1020,-1483,-1081,1012,1025,-1224,-951,1018,1002,-1078,-656,1007,1019,-945,-511,1013,1019,-697,-377,1020,1006,-580,-68,1008,1004,-489,30,1005,1012,-447,27,1004,1000,-408,38,1007,1000,2
-1195,-788,1016,1006,-1326,-927,1014,1015,-1573,-1191,1016,1021,-1655,-1271,1021,1018,-1675,-1306,1015,1018,-1582,-1186,1005,1016,-1491,-1074,1015,1016,-1210,-947,1013,999,-1082,-643,1017,1010,-952,-511,1004,1011,-691,-379,1006,1009,-584,-59,1004,1006,-497,36,1003,1007,-433,33,1003,995,-400,29,1014,1015,2
-1191,-780,1014,996,-1315,-924,1008,1012,-1569,-1188,1023,1015,-1658,-1276,1016,1021,-1680,-1298,1014,1020,-1582,-1193,1018,1022,-1477,-1083,1016,1025,-1218,-954,1014,1003,-1073,-653,1012,1011,-940,-503,1017,1021,-703,-380,1003,1020,-580,-71,1024,1002,-487,28,1008,1014,-438,33,1020,1008,-410,33,1017,1007,2
-1203,-796,1010,1010,-1329,-926,1017,1017,-1573,-1192,1018,1024,-1657,-1273,1012,1011,-1683,-1296,1014,1018,-1578,-1193,1011,1009,-1486,-1075,1011,1024,-1214,-947,1013,1005,-1079,-652,1014,1013,-949,-511,1016,1020,-691,-369,1012,1000,-585,-64,1007,1009,-490,29,1015,999,-441,30,1008,1006,-408,30,1013,1017,2
-1195,-780,1014,1007,-1320,-933,1014,1022,-1578,-1193,1021,1022,-1656,-1277,1017,1010,-1671,-1306,1010,1014,-1589,-1199,1013,1024,-1474,-1088,1007,1024,-1223,-952,1024,1008,-1081,-646,1016,1007,-945,-516,1015,1025,-693,-388,1022,1022,-584,-65,1002,1016,-486,40,1013,1003,-440,38,1017,1014,-397,28,1016,1009,2
-1195,-783,1011,1005,-1321,-915,1017,1017,-1576,-1191,1026,1027,-1648,-1274,1020,1016,-1673,-1301,1013,1013,-1588,-1192,1018,1019,-1486,-1083,1025,1015,-1211,-953,1013,1008,-1085,-657,1005,1020,-939,-509,1021,1011,-693,-382,1007,1014,-589,-67,1009,1013,-487,27,1010,1011,-438,29,1001,1007,-401,38,1008,1017,2
-1187,-785,1010,997,-1321,-922,1018,1021,-1580,-1190,1022,1023,-1650,-1272,1005,1008,-1677,-1295,1022,1019,-1581,-1190,1011,1023,-1476,-1076,1018,1024,-1224,-951,1020,1017,-1082,-648,1019,1003,-944,-511,1027,1019,-689,-370,1012,1018,-578,-74,1014,1011,-488,34,1014,1011,-447,27,1010,1023,-409,33,1008,1014,2
-1335,-793,1017,1014,-1378,-861,1016,1026,-1407,-956,1021,1020,-1458,-992,1025,1028,-1483,-1022,1023,1027,-1512,-1085,1021,1014,-1567,-1116,1019,1023,-1585,-1143,1016,1017,-1590,-1146,1016,1014,-1523,-1106,1017,1022,-1443,-1027,1018,1022,-1350,-810,1020,1014,-1156,-693,1020,1023,-1064,-582,1020,1011,-972,-350,1020,1031,2
-1341,-790,1014,1018,-1376,-865,1014,1017,-1405,-959,1014,1011,-1459,-1001,1023,1027,-1486,-1025,1017,1036,-1509,-1084,1018,1025,-1562,-1115,1015,1025,-1596,-1141,1011,1021,-1587,-1142,1013,1014,-1522,-1101,1019,1023,-1444,-1028,1017,1020,-1355,-811,1022,1015,-1153,-685,1019,1024,-1068,-581,1027,1004,-970,-356,1019,1036,2
-1341,-796,1025,1016,-1384,-856,1013,1032,-1401,-952,1023,1024,-1459,-991,1025,1031,-1491,-1021,1018,1018,-1512,-1079,1019,1007,-1566,-1115,1019,1023,-1589,-1141,1005,1016,-1593,-1153,1016,1008,-1524,-1112,1013,1017,-1448,-1021,1015,1027,-1354,-807,1024,1016,-1156,-704,1016,1019,-1066,-582,1021,1002,-969,-350,1016,1033,2
-1317,-793,1015,1019,-1381,-856,1018,1025,-1405,-960,1018,1019,-1462,-986,1018,1024,-1479,-1015,1022,1031,-1511,-1091,1013,1011,-1566,-1118,1022,1023,-1584,-1144,1014,1017,-1593,-1136,1012,1015,-1528,-1100,1020,1029,-1437,-1031,1022,1020,-1344,-817,1018,1014,-1146,-698,1015,1035,-1065,-590,1009,1018,-970,-347,1018,1029,2
-1337,-800,1014,1011,-1378,-868,1013,1018,-1417,-959,1014,1015,-1458,-995,1028,1021,-1485,-1018,1019,1024,-1512,-1081,1017,1009,-1564,-1110,1019,1029,-1584,-1135,1018,1013,-1592,-1140,1011,1015,-1524,-1107,1020,1012,-1443,-1033,1019,1016,-1343,-815,1029,1011,-1152,-691,1022,1029,-1062,-584,1023,1011,-959,-354,1018,1025,2
-1331,-799,1018,1003,-1372,-863,1001,1023,-1410,-963,1019,1022,-1461,-981,1032,1029,-1488,-1031,1018,1026,-1507,-1092,1011,1013,-1567,-1113,1016,1018,-1586,-1148,1020,1019,-1592,-1140,1016,1013,-1528,-1109,1016,1018,-1440,-1024,1022,1020,-1355,-805,1017,1015,-1159,-699,1016,1017,-1061,-589,1023,1012,-968,-361,1020,1028,2
-1339,-796,1024,1010,-1371,-861,1012,1022,-1396,-964,1015,1015,-1451,-996,1021,1035,-1483,-1021,1023,1020,-1513,-1082,1017,1012,-1569,-1111,1018,1024,-1584,-1147,1018,1021,-1591,-1149,1011,1018,-1526,-1107,1023,1017,-1445,-1020,1016,1020,-1349,-806,1017,1013,-1144,-690,1017,1019,-1072,-583,1021,1007,-968,-350,1022,1026,2
-1339,-795,1006,1022,-1381,-855,1009,1026,-1398,-952,1021,1021,-1461,-987,1032,1023,-1485,-1017,1023,1025,-1506,-1086,1011,1017,-1564,-1110,1009,1014,-1588,-1152,1017,1020,-1597,-1147,1020,1023,-1525,-1100,1006,1020,-1435,-1029,1020,1020,-1342,-811,1020,1016,-1163,-692,1022,1023,-1065,-586,1015,1008,-981,-351,1024,1022,2
-1329,-783,1020,1016,-1379,-864,1018,1027,-1416,-947,1021,1020,-1464,-986,1023,1022,-1475,-1018,1017,1023,-1511,-1084,1020,1001,-1570,-1110,1015,1029,-1594,-1146,1022,1009,-1593,-1142,1017,1014,-1530,-1110,1016,1026,-1440,-1027,1027,1017,-1348,-807,1022,1008,-1160,-692,1021,1023,-1066,-586,1028,1009,-966,-348,1014,1027,2
-1330,-786,1008,1012,-1372,-851,1013,1037,-1404,-960,1010,1006,-1467,-996,1026,1027,-1484,-1023,1025,1023,-1515,-1080,1019,1010,-1562,-1115,1018,1023,-1589,-1140,1010,1011,-1596,-1149,1015,1021,-1521,-1100,1010,1015,-1444,-1023,1024,1015,-1353,-799,1013,1012,-1162,-697,1029,1019,-1061,-578,1010,1012,-970,-358,1022,1034,2
-1343,-798,1013,1013,-1385,-854,1011,1033,-1409,-958,1016,1023,-1452,-988,1022,1027,-1474,-1030,1023,1023,-1512,-1088,1021,1013,-1566,-1116,1015,1016,-1585,-1145,1021,1010,-1597,-1147,1010,1011,-1521,-1096,1007,1028,-1443,-1034,1022,1017,-1357,-816,1023,1008,-1160,-697,1018,1019,-1056,-569,1019,1012,-961,-357,1017,1029,2
-670,34,1006,999,-638,30,1025,1027,-566,27,1029,1031,-464,31,1025,1021,-459,29,1023,1025,-457,30,1021,1024,-442,32,1018,1012,-411,31,1012,1015,-378,30,1000,1006,-354,30,993,996,-477,29,993,995,-694,29,994,986,-776,30,994,989,-650,28,995,992,-530,28,995,990,2
-667,35,996,990,-643,23,1028,1017,-569,26,1026,1032,-465,19,1031,1020,-467,33,1025,1026,-454,25,1027,1025,-439,31,1019,1013,-411,32,1007,1007,-375,33,997,1010,-341,35,1009,996,-479,23,989,996,-684,27,999,992,-776,27,991,992,-647,26,989,988,-538,27,986,995,2
-667,33,1007,999,-645,32,1027,1017,-573,31,1020,1029,-465,32,1022,1018,-465,30,1018,1026,-452,34,1014,1024,-433,30,1013,1010,-409,35,1013,1020,-378,23,994,1005,-347,27,990,994,-477,26,1003,992,-691,24,991,991,-781,31,999,1006,-648,23,994,995,-533,32,995,993,2
-681,30,1007,994,-639,29,1024,1026,-573,30,1036,1033,-470,34,1022,1016,-453,28,1023,1026,-458,31,1023,1027,-438,33,1014,1011,-419,37,1015,1014,-373,32,996,999,-360,22,994,1002,-473,28,990,998,-697,30,992,984,-770,28,996,993,-647,28,989,997,-538,33,984,988,2
-677,33,1003,1003,-643,31,1026,1032,-568,25,1032,1038,-464,36,1031,1027,-466,29,1022,1029,-447,34,1023,1034,-447,37,1019,1017,-411,31,1012,1008,-380,31,1007,1008,-363,36,994,999,-479,22,981,997,-693,32,986,988,-785,28,999,991,-652,37,992,996,-536,25,995,992,2
-675,27,1009,1003,-625,33,1019,1027,-573,26,1026,1029,-472,28,1021,1019,-457,22,1027,1022,-451,30,1025,1026,-448,34,1014,1010,-413,32,1012,1015,-380,26,1006,1008,-356,32,997,989,-475,27,993,992,-691,22,1001,996,-778,26,997,986,-648,25,991,1010,-528,26,999,990,2
-665,32,1004,996,-644,23,1024,1028,-570,25,1035,1027,-466,36,1021,1015,-467,33,1017,1023,-458,25,1019,1031,-448,36,1016,1017,-404,40,1007,1025,-381,28,1005,1007,-351,27,984,992,-476,26,985,997,-697,19,990,979,-792,34,989,988,-655,28,989,989,-526,30,1003,990,2
-671,32,1005,996,-640,29,1020,1024,-567,20,1033,1028,-458,28,1024,1022,-448,38,1034,1030,-458,35,1016,1035,-437,37,1020,1018,-396,27,1017,1012,-371,32,996,993,-358,26,988,996,-471,35,985,995,-688,35,992,985,-769,29,994,994,-649,25,983,998,-527,29,989,991,2
-667,41,1010,998,-635,34,1019,1022,-569,28,1031,1026,-466,20,1025,1009,-462,35,1014,1012,-453,30,1013,1023,-439,30,1016,1007,-411,39,1015,1020,-384,33,1007,998,-358,34,989,990,-473,27,996,1004,-691,27,980,982,-770,27,991,995,-648,25,990,998,-522,27,998,981,2
-664,36,1005,1004,-640,31,1028,1031,-567,30,1025,1036,-465,34,1027,1014,-453,30,1024,1028,-457,25,1025,1026,-438,35,1018,1006,-415,33,1010,1014,-376,27,1006,1010,-356,31,993,1001,-480,22,991,993,-692,32,998,985,-783,33,996,991,-654,24,992,986,-537,30,994,986,2
-677,37,1002,1008,-647,28,1022,1030,-573,37,1026,1036,-454,37,1027,1016,-463,28,1025,1034,-461,33,1022,1020,-443,36,1014,1012,-401,30,1015,1011,-379,23,1000,1008,-359,27,1000,1000,-484,21,985,988,-688,20,989,990,-775,32,991,989,-651,35,1002,994,-545,23,987,991,2
-1791,22,1017,1002,-1774,11,1011,1012,-1738,14,1004,1022,-1703,-2,1002,1045,-1615,-16,1002,1059,-1565,20,1002,1069,-1521,22,1002,1077,-1565,23,1002,1070,-1656,22,1002,1070,-1703,21,1003,1052,-1646,23,1002,1077,-1628,23,1003,1082,-1612,23,1003,1081,-1614,22,1003,1084,-1694,21,1004,1073,3
-1774,1,1023,1021,-1772,19,1006,1017,-1760,16,1011,1033,-1694,30,1005,1032,-1615,-12,995,1073,-1556,44,999,1072,-1494,30,988,1070,-1557,30,1007,1071,-1649,27,1017,1073,-1735,18,974,1049,-1650,20,985,1096,-1604,46,1016,1067,-1602,1,1018,1084,-1587,24,1004,1085,-1677,21,972,1079,3
-1772,21,1023,973,-1778,0,1029,1008,-1751,13,1004,1014,-1719,-13,1014,1034,-1614,-20,1016,1053,-1552,19,996,1050,-1499,12,1028,1079,-1584,29,1007,1077,-1659,12,974,1090,-1721,38,988,1036,-1651,24,1007,1076,-1628,41,1011,1092,-1620,28,1019,1095,-1609,13,1008,1059,-1685,40,1002,1061,3
-1786,17,1030,1013,-1780,-19,1017,1036,-1733,10,975,1024,-1728,-11,1014,1047,-1605,-12,1011,1019,-1583,44,983,1045,-1519,44,995,1067,-1585,21,993,1089,-1665,14,1018,1077,-1688,49,986,1040,-1651,50,1017,1053,-1627,15,1029,1088,-1611,24,1022,1067,-1601,38,986,1082,-1696,20,994,1047,3
-270,26,1005,1065,-568,25,1001,1075,-592,25,1001,1090,-466,26,1002,1087,-349,28,1002,1082,-441,27,1002,1074,-509,26,1010,1061,-563,25,1029,1047,-560,23,1049,1023,-530,24,1049,1015,-426,-120,1033,1004,-407,-331,1034,1003,-390,-595,1023,1003,-336,-1266,1026,1003,-346,-1536,1030,1003,3
-220,47,998,1087,-589,37,993,1111,-596,47,1004,1076,-443,16,969,1086,-332,22,976,1084,-454,28,987,1061,-499,29,1024,1058,-578,44,1050,1048,-569,2,1045,1015,-537,2,1036,1022,-448,-82,1028,1012,-440,-327,1026,1005,-367,-588,1027,983,-347,-1258,1009,1031,-344,-1535,1033,1020,3
-292,1,1010,1072,-562,24,1014,1087,-590,23,990,1078,-472,41,993,1079,-346,33,995,1063,-443,29,973,1051,-510,11,1019,1055,-569,19,1027,1057,-529,41,1050,1009,-501,40,1045,1022,-419,-91,1019,1015,-398,-319,1040,995,-377,-609,1026,1003,-336,-1278,1024,997,-352,-1540,1035,989,3
-273,26,1026,1084,-558,27,989,1104,-552,8,1015,1104,-451,0,1031,1087,-356,25,1006,1077,-435,22,963,1087,-500,39,1003,1054,-561,0,1026,1023,-566,35,1032,1006,-521,36,1043,1033,-407,-145,1053,1016,-398,-306,1031,1004,-397,-571,1030,993,-321,-1271,997,1017,-324,-1513,1030,1034,3
-289,-1396,992,1040,-255,-1051,992,1045,-580,-857,993,1049,-889,-650,993,1035,-1341,-185,993,1025,-1365,-7,994,1015,-1262,20,994,1012,-897,18,994,1022,-733,20,995,1040,-595,17,995,1040,-356,20,996,1039,-396,21,1004,1025,-374,21,1009,1030,-337,22,1010,1031,-338,22,1012,1036,3
-289,-1382,972,1031,-261,-1058,974,1029,-603,-860,1002,1044,-884,-663,1001,1048,-1341,-204,995,1029,-1381,-9,990,1015,-1260,30,983,1017,-871,-6,1001,1007,-724,1,972,1036,-571,39,996,1041,-367,50,993,1028,-390,24,978,1024,-393,16,1023,1032,-326,28,992,1052,-344,39,1012,1029,3
-276,-1405,1005,1064,-233,-1047,978,1041,-586,-850,989,1055,-879,-668,1014,1041,-1329,-168,1000,1023,-1354,-15,980,1026,-1254,20,1008,1025,-901,9,982,1016,-773,19,1028,1041,-591,18,1000,1045,-343,7,995,1037,-404,29,978,1021,-352,7,1014,1016,-338,-4,993,1009,-337,2,1007,1074,3
-297,-1405,970,1039,-237,-1048,990,1057,-593,-844,1000,1056,-866,-638,966,1046,-1348,-186,1005,1002,-1374,2,998,1025,-1250,31,974,1020,-888,27,979,1021,-735,-6,997,1035,-567,32,989,1021,-342,30,1001,1038,-386,1,1005,1005,-370,27,1036,1020,-333,49,991,1027,-335,48,995,1046,3
-1791,22,1017,1002,-1774,11,1011,1012,-1738,14,1004,1022,-1703,-2,1002,1045,-1615,-16,1002,1059,-1565,20,1002,1069,-1521,22,1002,1077,-1565,23,1002,1070,-1656,22,1002,1070,-1703,21,1003,1052,-1646,23,1002,1077,-1628,23,1003,1082,-1612,23,1003,1081,-1614,22,1003,1084,-1694,21,1004,1073,3
-1784,14,1019,1002,-1771,4,1017,1020,-1739,26,1003,1027,-1706,-8,1008,1039,-1617,-17,1001,1066,-1567,26,999,1063,-1521,20,1009,1073,-1559,23,1004,1069,-1654,25,994,1071,-1699,18,996,1057,-1639,24,1004,1070,-1627,17,1004,1074,-1611,20,1005,1080,-1615,16,1001,1077,-1694,16,999,1069,3
-1791,24,1022,1001,-1773,11,1012,1011,-1739,7,1010,1027,-1697,-1,1002,1047,-1613,-18,1001,1062,-1557,21,1012,1067,-1516,22,997,1077,-1570,25,1007,1072,-1651,20,999,1064,-1707,21,996,1053,-1644,30,998,1081,-1641,30,1002,1084,-1613,22,995,1085,-1621,27,1006,1081,-1693,14,1004,1061,3
-1796,21,1009,1006,-1772,14,1006,1004,-1728,24,1000,1030,-1701,-4,999,1043,-1621,-16,1001,1065,-1560,19,998,1070,-1530,16,1008,1075,-1556,14,1001,1074,-1662,27,1005,1078,-1701,28,1004,1053,-1653,19,1004,1062,-1628,24,1001,1080,-1606,19,1004,1089,-1613,23,1000,1079,-1693,15,1005,1073,3
-1793,27,1011,999,-1773,8,1009,1016,-1742,12,999,1027,-1706,-4,999,1040,-1619,-19,993,1054,-1561,16,994,1068,-1523,25,1000,1077,-1565,24,1002,1067,-1654,24,997,1072,-1698,24,1001,1054,-1645,16,1007,1076,-1632,23,1005,1077,-1617,24,1001,1086,-1617,18,991,1078,-1698,18,1003,1062,3
-1797,21,1014,990,-1773,5,1011,1011,-1741,8,1004,1018,-1703,1,1005,1039,-1608,-19,995,1055,-1564,17,1000,1064,-1523,25,1001,1079,-1551,20,993,1070,-1653,20,1006,1073,-1715,12,1000,1052,-1638,25,1008,1078,-1625,25,1005,1081,-1613,21,1002,1082,-1614,29,1008,1078,-1695,19,1006,1062,3
-1791,25,1023,1002,-1767,14,1010,1007,-1737,24,1005,1025,-1703,-2,1004,1038,-1619,-19,1003,1056,-1559,18,1000,1064,-1532,28,1001,1072,-1557,14,1001,1071,-1661,23,1009,1068,-1701,27,1012,1048,-1662,26,999,1073,-1631,22,1001,1077,-1610,26,1001,1082,-1606,22,1000,1078,-1694,17,1002,1064,3
-1791,20,1017,1004,-1775,6,1015,1012,-1736,20,1004,1020,-1699,-4,1004,1041,-1615,-8,999,1053,-1555,24,994,1067,-1521,20,999,1072,-1553,22,1006,1069,-1659,24,997,1075,-1704,26,1002,1046,-1640,27,990,1076,-1621,14,1004,1080,-1610,20,1005,1084,-1610,27,1001,1083,-1697,23,1004,1075,3
-1786,21,1015,1002,-1775,6,1020,1018,-1737,7,1009,1019,-1710,-10,996,1046,-1618,-14,1009,1058,-1570,13,1000,1078,-1521,31,1002,1072,-1567,23,1007,1067,-1662,25,998,1073,-1700,22,1002,1045,-1647,19,1005,1075,-1628,15,1005,1084,-1614,24,1007,1079,-1604,27,1003,1084,-1701,18,1000,1071,3
-1787,35,1024,1002,-1777,5,1011,1010,-1732,12,998,1017,-1700,1,1002,1044,-1620,-24,1008,1062,-1560,17,1001,1074,-1519,21,1009,1065,-1563,28,1004,1073,-1656,33,996,1071,-1698,26,1003,1049,-1650,15,993,1077,-1629,21,996,1088,-1609,23,1005,1081,-1608,29,1004,1077,-1692,18,999,1072,3
-1790,25,1017,1000,-1767,18,1005,1016,-1733,21,990,1013,-1699,-11,1002,1041,-1619,-19,1004,1059,-1568,11,1004,1070,-1511,22,999,1077,-1577,19,1005,1065,-1653,18,1004,1071,-1708,15,1000,1049,-1654,22,995,1080,-1632,20,1009,1077,-1606,19,991,1073,-1624,26,997,1086,-1694,19,1007,1076,3
-270,26,1005,1065,-568,25,1001,1075,-592,25,1001,1090,-466,26,1002,1087,-349,28,1002,1082,-441,27,1002,1074,-509,26,1010,1061,-563,25,1029,1047,-560,23,1049,1023,-530,24,1049,1015,-426,-120,1033,1004,-407,-331,1034,1003,-390,-595,1023,1003,-336,-1266,1026,1003,-346,-1536,1030,1003,3
-271,30,1010,1062,-567,18,995,1074,-592,34,1003,1096,-471,28,1000,1085,-350,34,1008,1077,-448,37,1010,1076,-513,28,1004,1055,-554,33,1020,1048,-563,28,1053,1027,-527,20,1051,1011,-427,-120,1039,998,-404,-329,1034,1013,-383,-591,1032,1001,-341,-1267,1031,1005,-336,-1531,1034,1004,3
-276,32,998,1061,-567,31,998,1072,-591,31,1004,1089,-460,19,1001,1095,-350,28,1001,1079,-438,27,999,1075,-508,37,1007,1057,-562,24,1021,1048,-560,27,1051,1025,-535,26,1041,1021,-424,-123,1030,1000,-402,-325,1031,989,-387,-592,1024,1008,-333,-1263,1024,1004,-333,-1537,1024,1000,3
-269,22,999,1054,-571,21,994,1072,-600,25,994,1096,-467,21,1003,1094,-352,27,1002,1086,-442,20,1000,1078,-513,33,1013,1076,-559,23,1032,1046,-557,16,1046,1022,-527,18,1057,1011,-418,-116,1033,1015,-410,-332,1034,1004,-390,-594,1017,998,-337,-1261,1024,1008,-348,-1534,1026,1001,3
-272,29,1006,1062,-557,22,1005,1072,-588,34,994,1093,-460,31,1008,1081,-356,20,1007,1078,-434,34,1008,1076,-504,34,1012,1064,-571,32,1027,1046,-564,23,1050,1024,-533,17,1045,1016,-419,-127,1027,1012,-404,-333,1029,998,-387,-603,1028,1009,-344,-1269,1026,1006,-347,-1533,1032,1002,3
-270,16,1003,1064,-565,21,997,1073,-593,27,1008,1087,-472,23,994,1089,-343,21,999,1079,-444,29,1004,1074,-516,30,1003,1064,-571,28,1024,1054,-557,24,1045,1017,-521,25,1055,1014,-431,-120,1030,999,-406,-327,1029,1008,-382,-589,1025,1001,-332,-1269,1029,1005,-349,-1533,1030,1014,3
-265,23,997,1065,-563,23,997,1068,-589,29,1009,1091,-474,32,998,1098,-337,27,1004,1087,-440,19,993,1076,-507,27,1010,1065,-564,23,1023,1051,-560,19,1051,1015,-530,27,1048,1013,-429,-112,1031,1000,-399,-328,1032,1008,-394,-609,1026,1002,-343,-1269,1021,1009,-340,-1536,1025,995,3
-273,23,1002,1066,-573,26,1003,1078,-590,34,1007,1090,-459,25,999,1084,-346,28,1002,1071,-445,27,1004,1088,-508,29,1004,1062,-572,23,1029,1049,-553,34,1050,1024,-529,25,1050,1015,-430,-117,1035,1006,-423,-325,1026,997,-399,-590,1020,1000,-332,-1265,1019,1000,-338,-1528,1031,1000,3
-277,38,1005,1067,-559,21,1004,1071,-597,19,1001,1087,-466,22,1005,1091,-343,18,1002,1088,-435,29,1006,1069,-504,33,1013,1065,-563,24,1026,1045,-559,32,1052,1025,-526,18,1049,1014,-438,-118,1039,1010,-410,-334,1034,990,-388,-603,1020,1002,-333,-1264,1019,1006,-354,-1531,1025,1002,3
-264,17,1007,1068,-570,21,1008,1071,-586,22,994,1094,-465,18,999,1093,-349,22,996,1084,-435,25,1007,1071,-507,32,1012,1056,-557,20,1028,1047,-557,23,1050,1024,-530,20,1043,1022,-427,-119,1034,1002,-406,-330,1031,989,-397,-592,1019,1002,-332,-1267,1019,1003,-350,-1539,1027,1010,3
-289,-1396,992,1040,-255,-1051,992,1045,-580,-857,993,1049,-889,-650,993,1035,-1341,-185,993,1025,-1365,-7,994,1015,-1262,20,994,1012,-897,18,994,1022,-733,20,995,1040,-595,17,995,1040,-356,20,996,1039,-396,21,1004,1025,-374,21,1009,1030,-337,22,1010,1031,-338,22,1012,1036,3
-289,-1395,984,1037,-254,-1055,990,1049,-574,-863,999,1046,-897,-652,997,1033,-1337,-188,994,1026,-1371,-6,995,1011,-1253,12,998,1013,-893,22,993,1024,-729,22,991,1031,-592,21,983,1037,-351,17,1005,1034,-396,17,1008,1026,-376,15,1011,1030,-339,8,1004,1033,-343,22,1016,1033,3
-290,-1391,991,1041,-250,-1053,985,1050,-580,-852,991,1051,-891,-653,1006,1029,-1336,-180,990,1017,-1361,-12,996,1009,-1265,20,992,1008,-900,23,998,1022,-729,19,987,1037,-592,14,992,1038,-359,28,997,1031,-393,20,1001,1026,-365,21,1001,1028,-341,19,1007,1030,-337,13,1022,1046,3
-287,-1409,993,1037,-253,-1053,1005,1049,-573,-852,990,1051,-890,-648,991,1039,-1334,-169,1000,1029,-1362,-2,987,1013,-1259,20,997,1014,-903,22,1002,1021,-739,26,995,1034,-604,15,986,1042,-365,16,987,1034,-394,17,998,1019,-369,16,1009,1024,-340,28,1005,1032,-344,24,1011,1028,3
-288,-1393,983,1043,-251,-1055,988,1048,-584,-860,991,1047,-887,-654,991,1030,-1336,-181,995,1021,-1359,-11,996,1020,-1266,12,991,1010,-891,20,997,1023,-732,15,994,1040,-593,25,993,1043,-354,22,1004,1043,-391,24,1009,1019,-378,12,1008,1030,-337,9,1008,1024,-337,23,1018,1036,3
-289,-1393,988,1039,-251,-1047,994,1048,-581,-856,993,1040,-887,-655,985,1033,-1342,-181,987,1024,-1364,-11,989,1012,-1268,25,994,1016,-894,10,1006,1022,-736,14,998,1040,-592,23,992,1045,-353,23,995,1045,-394,11,1001,1025,-375,22,1004,1034,-336,24,1012,1044,-337,20,1015,1033,3
-285,-1393,1000,1033,-257,-1054,995,1043,-575,-868,999,1051,-892,-646,993,1034,-1339,-193,991,1027,-1369,-4,992,1016,-1257,15,993,1008,-899,27,999,1025,-739,17,994,1038,-594,11,994,1039,-349,14,990,1041,-388,24,1006,1034,-368,20,1017,1036,-333,16,1012,1032,-344,12,1016,1037,3
-290,-1397,988,1036,-257,-1043,990,1041,-575,-855,990,1042,-897,-660,985,1028,-1340,-179,994,1020,-1370,-8,999,1007,-1259,14,990,1003,-898,7,995,1020,-736,11,990,1031,-598,21,991,1041,-357,21,1004,1036,-405,24,1005,1026,-381,22,1005,1032,-338,19,1016,1026,-343,36,1005,1030,3
-284,-1389,998,1042,-260,-1045,994,1042,-583,-864,1000,1054,-880,-657,990,1035,-1343,-184,990,1026,-1361,-11,994,1011,-1257,16,1002,1014,-895,24,993,1022,-734,18,994,1040,-596,12,996,1043,-357,23,991,1046,-381,21,1005,1026,-369,11,1001,1028,-335,25,1012,1031,-341,32,1007,1039,1
-282,-1401,993,1045,-255,-1046,991,1043,-570,-857,986,1043,-886,-645,996,1042,-1337,-183,988,1025,-1360,-3,988,1012,-1253,18,992,1013,-907,14,998,1030,-727,19,1000,1038,-584,29,996,1034,-345,16,998,1045,-388,23,1003,1024,-377,25,1015,1037,-332,16,1021,1028,-339,21,1018,1032,3
-288,-1401,994,1029,-245,-1053,991,1038,-583,-859,995,1049,-891,-645,992,1034,-1343,-186,1000,1020,-1359,-6,1003,1019,-1263,20,988,1013,-893,21,987,1018,-725,32,995,1038,-597,13,990,1041,-359,10,995,1039,-398,19,1003,1020,-376,16,1011,1032,-335,20,1012,1025,-338,24,1011,1026,3
